"CLASS","Gender","AGE_mean","AGE_median","AGE_mode","AGE_min","AGE_max","Urea_mean","Urea_median","Urea_mode","Urea_min","Urea_max","Cr_mean","Cr_median","Cr_mode","Cr_min","Cr_max","HbA1c_mean","HbA1c_median","HbA1c_mode","HbA1c_min","HbA1c_max","Chol_mean","Chol_median","Chol_mode","Chol_min","Chol_max","TG_mean","TG_median","TG_mode","TG_min","TG_max","HDL_mean","HDL_median","HDL_mode","HDL_min","HDL_max","LDL_mean","LDL_median","LDL_mode","LDL_min","LDL_max","VLDL_mean","VLDL_median","VLDL_mode","VLDL_min","VLDL_max","BMI_mean","BMI_median","BMI_mode","BMI_min","BMI_max"
"N","F",43.4067796610169,44,50,25,77,4.17796610169492,3.9,4.7,2,10,55.2881355932203,52,55,20,132,4.65932203389831,4.9,4,4,5.6,4.46949152542373,4.2,4.2,2.9,9.5,1.4135593220339,1.3,1.3,0.6,5.9,1.34915254237288,1.2,1.2,0.5,4,2.55254237288136,2.5,3,0.3,4.9,0.671186440677966,0.6,0.6,0.2,1.4,22.4830508474576,22,24,20,24.5
"N","M",43.3513513513514,44,50,26,63,5.10810810810811,4.6,3.8,2,22,69.8648648648649,63,74,28,203,4.73783783783784,4.9,5.4,3.7,5.6,4.26756756756757,4.3,3.7,2,7.6,1.73783783783784,1.5,1.3,0.6,5.9,1.07027027027027,0.9,0.9,0.5,2.4,2.68648648648649,2.6,2.4,0.9,4.9,1.39189189189189,0.8,0.8,0.4,14.5,22.1918918918919,22,21,19,24.6
"P","F",41.4705882352941,40,49,30,50,3.87647058823529,3.3,5.7,2.1,5.7,49.5882352941176,47,53,37,79,6.05882352941176,6,6,5.7,6.4,4.74705882352941,4.7,4.7,2.1,5.6,1.87647058823529,1.7,1.7,1.2,5.3,1.17941176470588,1.1,1.4,0.7,2.5,2.65588235294118,2.8,3.3,1.35,3.9,0.982352941176471,0.7,0.7,0.6,2.4,24.1764705882353,24,25,19,32
"P","M",44.1388888888889,49,50,30,55,4.81111111111111,4.7,4.8,3.1,17.1,73.8611111111111,62,59,46,344,5.97777777777778,6,6,5.7,6.4,4.5,4.35,4,2,6.5,2.24444444444444,2.1,1.3,0.8,5.3,1.10277777777778,1,1,0.6,1.9,2.41666666666667,2.5,1.9,0.8,3.9,0.983333333333333,0.85,0.9,0.4,2.4,23.8194444444444,24,24,19,31
"Y","F",55.5677966101695,55,55,20,79,4.84067796610169,4.3,4.3,1.2,24,58.861581920904,51,56,20,401,9.10440677966102,8.9,8,3.7,16,5.07909604519774,5,4.4,2,9.7,2.42655367231638,2.1,2,0.5,13.8,1.30423728813559,1.1,1,0.2,9.9,2.5264406779661,2.5,2.5,0.6,5.3,1.11158192090395,1,0.9,0.2,6.3,30.6148587570621,30,26,20,39
"Y","M",55.0946502057613,55,55,26,77,5.50296913580247,4.9,4.1,1.1,38.9,77.9609053497942,66,56,26,800,8.74238683127572,8.6,9,2,15.9,4.8879012345679,4.9,4.9,2.3,10.3,2.475329218107,2,2.1,0.3,12.7,1.13724279835391,1.1,1.1,0.4,6.3,2.68658436213992,2.5,2.5,0.5,9.9,2.69218106995885,1,0.9,0.1,35,30.9118518518519,30,30,19,47.75
